k	N	r	n	best	nodes	secs	verdict
39	1254	3	255	39	30692	2.0	OK
40	1276	3	260	40	18311	1.8	OK
41	1292	3	263	41	8582	1.4	OK
42	1334	3	271	42	21041	1.8	OK
43	1406	3	286	43	46292	3.0	OK
44	1508	3	308	44	260660	8.3	OK
45	1534	3	313	45	192006	7.4	OK
46	1594	3	325	46	240995	9.6	OK
47	1706	3	349	47	1116680	31.3	OK
48	1734	3	354	48	984458	28.7	OK
49	1778	3	363	49	946940	26.3	OK
50	1834	3	374	50	1740615	42.1	OK
51	1918	3	390	51	5444850	113.1	OK
52	1990	3	405	52	6670405	179.7	OK
53	1998	3	407	53	4431245	135.7	OK
54	2070	3	422	54	10001538	304.4	OK
55	2140	3	436	55	17255067	489.5	OK
56	2192	3	446	56	22134598	315.5	OK
57	2286	3	466	57	88920545	1256.8	OK
58	2354	3	479	58	280053696	2771.3	OK
59	2426	3	494	59	277475899	773.4	OK
60	2454	3	500	60	249748287	726.0	OK
61	2626	3	533	61	620304556	1759.6	OK
62	2728	3	554	62	474689464	1568.8	OK
63	2740	3	557	63	182943998	665.2	OK
64	2992	3	607	64	883087592	3465.1	OK
65	3000	3	609	65	312343534	1447.3	OK
