k	N	r	n	omega	nodes	splitnodes	secs	verdict
39	1254	1	254	39	33640	60083	0.10	OK
39	1254	3	255	39	24452	55407	0.09	OK
40	1276	1	258	40	32488	52755	0.09	OK
40	1276	3	260	40	45777	61473	0.12	OK
41	1292	1	262	41	46031	58549	0.12	OK
41	1292	3	263	41	41923	64809	0.12	OK
42	1334	1	271	42	54219	67847	0.14	OK
42	1334	3	271	42	44061	63631	0.12	OK
43	1406	1	286	43	114057	84999	0.22	OK
43	1406	3	286	43	68023	81213	0.18	OK
44	1508	1	305	44	233228	107173	0.40	OK
44	1508	3	308	44	137060	102451	0.30	OK
45	1534	1	310	45	308490	105669	0.47	OK
45	1534	3	313	45	125066	96571	0.29	OK
46	1594	1	322	46	384843	110579	0.58	OK
46	1594	3	325	46	269367	111863	0.48	OK
47	1706	1	344	47	562482	123827	0.86	OK
47	1706	3	349	47	551594	124533	0.86	OK
48	1734	1	350	47	560066	126141	0.88	MISMATCH
48	1734	3	354	48	608329	122943	0.91	OK
49	1778	1	359	48	545694	125551	0.87	MISMATCH
49	1778	3	363	49	756906	125713	1.12	OK
50	1834	1	369	49	766837	127973	1.13	MISMATCH
50	1834	3	374	50	674045	126521	1.07	OK
51	1918	1	386	51	593000	128085	1.09	OK
51	1918	3	390	51	1143065	127653	1.73	OK
