1	1
2	1
3	1
4	1
5	2
6	2
7	2
8	2
9	2
10	2
11	2
12	2
13	2
14	2
15	2
16	2
17	2
18	2
19	3
20	3
21	3
22	3
23	4
24	4
25	4
26	4
27	4
28	4
29	4
30	4
31	4
32	4
33	4
34	4
35	4
36	4
37	5
38	5
39	5
40	5
41	6
42	6
43	6
44	6
45	6
46	6
47	6
48	6
49	6
50	6
51	6
52	6
53	6
54	6
55	6
56	6
57	6
58	6
59	7
60	7
61	7
62	7
63	7
64	7
65	7
66	7
67	7
68	7
69	7
70	7
71	7
72	7
73	7
74	7
75	7
76	7
77	7
78	7
79	7
80	7
81	7
82	7
83	7
84	7
85	7
86	7
87	8
88	8
89	8
90	8
91	8
92	8
93	8
94	8
95	8
96	8
97	8
98	8
99	8
100	8
101	9
102	9
103	9
104	9
105	10
106	10
107	10
108	10
109	10
110	10
111	10
112	10
113	11
114	11
115	11
116	11
117	11
118	11
119	11
120	11
121	11
122	11
123	11
124	11
125	11
126	11
127	11
128	11
129	11
130	11
131	12
132	12
133	12
134	12
135	12
136	12
137	12
138	12
139	12
140	12
141	12
142	12
143	12
144	12
145	12
146	12
147	12
148	12
149	12
150	12
151	13
152	13
153	13
154	13
155	13
156	13
157	13
158	13
159	14
160	14
161	14
162	14
163	14
164	14
165	14
166	14
167	15
168	15
169	15
170	15
171	15
172	15
173	15
174	15
175	15
176	15
177	15
178	15
179	15
180	15
181	15
182	15
183	15
184	15
185	15
186	15
187	15
188	15
189	15
190	15
191	15
192	15
193	15
194	15
195	16
196	16
197	16
198	16
199	16
200	16
201	16
202	16
203	17
204	17
205	17
206	17
207	17
208	17
209	17
210	17
211	17
212	17
213	17
214	17
215	17
216	17
217	17
218	17
219	17
220	17
221	17
222	17
223	17
224	17
225	17
226	17
227	17
228	17
229	17
230	17
231	17
232	17
233	17
234	17
235	17
236	17
237	17
238	17
239	18
240	18
241	18
242	18
243	18
244	18
245	18
246	18
247	18
248	18
249	18
250	18
251	18
252	18
253	18
254	18
255	18
256	18
257	18
258	18
259	19
260	19
261	19
262	19
263	19
264	19
265	19
266	19
267	19
268	19
269	19
270	19
271	19
272	19
273	19
274	19
275	19
276	19
277	19
278	19
279	19
280	19
281	19
282	19
283	19
284	19
285	19
286	19
287	19
288	19
289	19
290	19
291	19
292	19
293	19
294	19
295	19
296	19
297	19
298	19
299	19
300	19
301	19
302	19
303	20
304	20
305	20
306	20
307	21
308	21
309	21
310	21
311	21
312	21
313	21
314	21
315	21
316	21
317	21
318	21
319	21
320	21
321	21
322	21
323	21
324	21
325	21
326	21
327	21
328	21
329	21
330	21
331	21
332	21
333	21
334	21
335	21
336	21
337	21
338	21
339	21
340	21
341	21
342	21
343	21
344	21
345	21
346	21
347	21
348	21
349	21
350	21
351	21
352	21
353	21
354	21
355	21
356	21
357	21
358	21
359	21
360	21
361	21
362	21
363	21
364	21
365	21
366	21
367	21
368	21
369	21
370	21
371	21
372	21
373	21
374	21
375	21
376	21
377	21
378	21
379	21
380	21
381	21
382	21
383	21
384	21
385	21
386	21
387	21
388	21
389	21
390	21
391	21
392	21
393	21
394	21
395	21
396	21
397	21
398	21
399	21
400	21
401	21
402	21
403	22
404	22
405	22
406	22
407	22
408	22
409	22
410	22
411	22
412	22
413	22
414	22
415	22
416	22
417	22
418	22
419	22
420	22
421	22
422	22
423	22
424	22
425	22
426	22
427	22
428	22
429	22
430	22
431	22
432	22
433	22
434	22
435	22
436	22
437	22
438	22
439	22
440	22
441	22
442	22
443	22
444	22
445	22
446	22
447	22
448	22
449	22
450	22
451	23
452	23
453	23
454	23
455	23
456	23
457	23
458	23
459	23
460	23
461	23
462	23
463	23
464	23
465	23
466	23
467	23
468	23
469	23
470	23
471	23
472	23
473	23
474	23
475	23
476	23
477	23
478	23
479	23
480	23
481	23
482	23
483	23
484	23
485	23
486	23
487	23
488	23
489	23
490	23
491	23
492	23
493	23
494	23
495	23
496	23
497	23
498	23
499	24
500	24
501	24
502	24
503	24
504	24
505	24
506	24
507	24
508	24
509	24
510	24
511	24
512	24
513	24
514	24
515	24
516	24
517	25
518	25
519	25
520	25
521	25
522	25
523	25
524	25
525	25
526	25
527	25
528	25
529	25
530	25
531	25
532	25
533	25
534	25
535	25
536	25
537	25
538	25
539	25
540	25
541	25
542	25
543	25
544	25
545	25
546	25
547	25
548	25
549	25
550	25
551	25
552	25
553	26
554	26
555	26
556	26
557	26
558	26
559	26
560	26
561	26
562	26
563	26
564	26
565	26
566	26
567	26
568	26
569	26
570	26
571	26
572	26
573	27
574	27
575	27
576	27
577	27
578	27
579	27
580	27
581	27
582	27
583	27
584	27
585	27
586	27
587	27
588	27
589	27
590	27
591	27
592	27
593	27
594	27
595	27
596	27
597	27
598	27
599	27
600	27
601	27
602	27
603	27
604	27
605	27
606	27
607	27
608	27
609	28
610	28
611	28
612	28
613	28
614	28
615	28
616	28
617	28
618	28
619	28
620	28
621	28
622	28
623	28
624	28
625	28
626	28
627	28
628	28
629	28
630	28
631	28
632	28
633	28
634	28
635	28
636	28
637	28
638	28
639	28
640	28
641	28
642	28
643	28
644	28
645	29
646	29
647	29
648	29
649	29
650	29
651	29
652	29
653	29
654	29
655	29
656	29
657	29
658	29
659	29
660	29
661	29
662	29
663	29
664	29
665	29
666	29
667	29
668	29
669	29
670	29
671	29
672	29
673	29
674	29
675	29
676	29
677	29
678	29
679	29
680	29
681	29
682	29
683	29
684	29
685	29
686	29
687	29
688	29
689	29
690	29
691	29
692	29
693	29
694	29
695	29
696	29
697	29
698	29
699	29
700	29
701	30
702	30
703	30
704	30
705	30
706	30
707	30
708	30
709	30
710	30
711	30
712	30
713	30
714	30
715	30
716	30
717	30
718	30
719	31
720	31
721	31
722	31
723	31
724	31
725	31
726	31
727	31
728	31
729	31
730	31
731	31
732	31
733	31
734	31
735	31
736	31
737	31
738	31
739	31
740	31
741	31
742	31
743	31
744	31
745	31
746	31
747	31
748	31
749	31
750	31
751	31
752	31
753	31
754	31
755	31
756	31
757	31
758	31
759	31
760	31
761	31
762	31
763	31
764	31
765	31
766	31
767	31
768	31
769	31
770	31
771	31
772	31
773	31
774	31
775	31
776	31
777	31
778	31
779	31
780	31
781	31
782	31
783	31
784	31
785	31
786	31
787	32
788	32
789	32
790	32
791	32
792	32
793	32
794	32
795	32
796	32
797	32
798	32
799	32
800	32
801	32
802	32
803	32
804	32
805	32
806	32
807	33
808	33
809	33
810	33
811	33
812	33
813	33
814	33
815	33
816	33
817	33
818	33
819	33
820	33
821	33
822	33
823	33
824	33
825	33
826	33
827	34
828	34
829	34
830	34
831	34
832	34
833	34
834	34
835	34
836	34
837	34
838	34
839	34
840	34
841	34
842	34
843	34
844	34
845	34
846	34
847	34
848	34
849	34
850	34
851	34
852	34
853	34
854	34
855	34
856	34
857	34
858	34
859	34
860	34
861	34
862	34
863	34
864	34
865	34
866	34
867	34
868	34
869	34
870	34
871	34
872	34
873	34
874	34
875	34
876	34
877	34
878	34
879	34
880	34
881	34
882	34
883	34
884	34
885	34
886	34
887	34
888	34
889	35
890	35
891	35
892	35
893	35
894	35
895	35
896	35
897	35
898	35
899	35
900	35
901	35
902	35
903	35
904	35
905	35
906	35
907	35
908	35
909	35
910	35
911	35
912	35
913	35
914	35
915	35
916	35
917	35
918	35
919	35
920	35
921	35
922	35
923	35
924	35
925	35
926	35
927	35
928	35
929	35
930	35
931	35
932	35
933	35
934	35
935	35
936	35
937	35
938	35
939	35
940	35
941	35
942	35
943	35
944	35
945	35
946	35
947	35
948	35
949	35
950	35
951	35
952	35
953	35
954	35
955	35
956	35
957	35
958	35
959	35
960	35
961	35
962	35
963	35
964	35
965	35
966	35
967	35
968	35
969	35
970	35
971	35
972	35
973	35
974	35
975	35
976	35
977	35
978	35
979	35
980	35
981	35
982	35
983	35
984	35
985	35
986	35
987	35
988	35
989	35
990	35
991	35
992	35
993	35
994	35
995	35
996	35
997	35
998	35
999	35
1000	35
1001	35
1002	35
1003	36
1004	36
1005	36
1006	36
1007	36
1008	36
1009	36
1010	36
1011	36
1012	36
1013	36
1014	36
1015	36
1016	36
1017	36
1018	36
1019	36
1020	36
1021	36
1022	36
1023	36
1024	36
1025	36
1026	36
1027	36
1028	36
1029	36
1030	36
1031	36
1032	36
1033	36
1034	36
1035	36
1036	36
1037	36
1038	36
1039	36
1040	36
1041	36
1042	36
1043	36
1044	36
1045	36
1046	36
1047	36
1048	36
1049	36
1050	36
1051	36
1052	36
1053	36
1054	36
1055	37
1056	37
1057	37
1058	37
1059	37
1060	37
1061	37
1062	37
1063	37
1064	37
1065	37
1066	37
1067	38
1068	38
1069	38
1070	38
1071	38
1072	38
1073	38
1074	38
1075	38
1076	38
1077	38
1078	38
1079	38
1080	38
1081	38
1082	38
1083	38
1084	38
1085	38
1086	38
1087	38
1088	38
1089	38
1090	38
1091	38
1092	38
1093	38
1094	38
1095	38
1096	38
1097	38
1098	38
1099	38
1100	38
1101	38
1102	38
1103	39
